<PAMDataset>
  <PAMRasterBand band="1">
    <Histograms>
      <HistItem>
        <HistMin>1</HistMin>
        <HistMax>41</HistMax>
        <BucketCount>256</BucketCount>
        <IncludeOutOfRange>1</IncludeOutOfRange>
        <Approximate>0</Approximate>
        <HistCounts>28|0|0|0|0|0|503|0|0|0|0|0|0|0|0|0|0|0|0|0|0|0|0|0|0|0|0|0|0|0|0|0|0|0|0|0|0|0|50|0|0|0|0|0|0|0|0|0|0|0|0|0|0|0|0|0|0|0|0|0|0|0|0|0|0|0|0|0|0|0|1966|0|0|0|0|0|206|0|0|0|0|0|0|0|0|0|0|0|0|196|0|0|0|0|0|0|0|0|0|0|0|0|0|0|0|0|0|0|3242|0|0|0|0|0|6229|0|0|0|0|0|0|5639|0|0|0|0|0|14286|0|0|0|0|0|0|0|0|0|0|0|0|14967|0|0|0|0|0|7350|0|0|0|0|0|0|9865|0|0|0|0|0|12907|0|0|0|0|0|59172|0|0|0|0|0|0|0|0|0|0|0|0|27084|0|0|0|0|0|0|0|0|0|0|0|0|1706|0|0|0|0|0|35123|0|0|0|0|0|0|1218|0|0|0|0|0|0|0|0|0|0|0|0|0|0|0|0|0|0|0|0|0|0|0|0|0|0|0|0|0|0|0|0|0|0|0|0|0|0|0|0|0|0|0|98|0|0|0|0|0|0|3809</HistCounts>
      </HistItem>
    </Histograms>
    <Metadata>
      <MDI key="STATISTICS_MAXIMUM">41</MDI>
      <MDI key="STATISTICS_MEAN">26.663165470425</MDI>
      <MDI key="STATISTICS_MINIMUM">1</MDI>
      <MDI key="STATISTICS_SKIPFACTORX">1</MDI>
      <MDI key="STATISTICS_SKIPFACTORY">1</MDI>
      <MDI key="STATISTICS_STDDEV">4.663022622396</MDI>
    </Metadata>
  </PAMRasterBand>
</PAMDataset>
