<PAMDataset>
  <PAMRasterBand band="1">
    <Histograms>
      <HistItem>
        <HistMin>1</HistMin>
        <HistMax>41</HistMax>
        <BucketCount>256</BucketCount>
        <IncludeOutOfRange>1</IncludeOutOfRange>
        <Approximate>0</Approximate>
        <HistCounts>28|0|0|0|0|0|503|0|0|0|0|0|0|0|0|0|0|0|0|0|0|0|0|0|0|0|0|0|0|0|0|0|0|0|0|0|0|0|50|0|0|0|0|0|0|0|0|0|0|0|0|0|0|0|0|0|0|0|0|0|0|0|0|0|0|0|0|0|0|0|1966|0|0|0|0|0|206|0|0|0|0|0|0|0|0|0|0|0|0|196|0|0|0|0|0|0|0|0|0|0|0|0|0|0|0|0|0|0|3242|0|0|0|0|0|6230|0|0|0|0|0|0|5638|0|0|0|0|0|14268|0|0|0|0|0|0|0|0|0|0|0|0|15192|0|0|0|0|0|8606|0|0|0|0|0|0|10832|0|0|0|0|0|12793|0|0|0|0|0|59295|0|0|0|0|0|0|0|0|0|0|0|0|25183|0|0|0|0|0|0|0|0|0|0|0|0|1706|0|0|0|0|0|35084|0|0|0|0|0|0|726|0|0|0|0|0|0|0|0|0|0|0|0|0|0|0|0|0|0|0|0|0|0|0|0|0|0|0|0|0|0|0|0|0|0|0|0|0|0|0|0|0|0|0|98|0|0|0|0|0|0|3802</HistCounts>
      </HistItem>
    </Histograms>
    <Metadata>
      <MDI key="STATISTICS_MAXIMUM">41</MDI>
      <MDI key="STATISTICS_MEAN">26.59786816051</MDI>
      <MDI key="STATISTICS_MINIMUM">1</MDI>
      <MDI key="STATISTICS_SKIPFACTORX">1</MDI>
      <MDI key="STATISTICS_SKIPFACTORY">1</MDI>
      <MDI key="STATISTICS_STDDEV">4.6528120095801</MDI>
    </Metadata>
  </PAMRasterBand>
</PAMDataset>
