<PAMDataset>
  <Metadata />
  <Metadata domain="Esri">
    <MDI key="PyramidResamplingType">NEAREST</MDI>
  </Metadata>
  <PAMRasterBand band="1">
    <Histograms>
      <HistItem>
        <HistMin>-0.5</HistMin>
        <HistMax>17.5</HistMax>
        <BucketCount>18</BucketCount>
        <IncludeOutOfRange>1</IncludeOutOfRange>
        <Approximate>0</Approximate>
        <HistCounts>0|15366|736|1553|12140|9553|11968|5516|8174|1975|4634|5227|7180|2654|8020|1486|3505|8368</HistCounts>
      </HistItem>
    </Histograms>
    <Metadata>
      <MDI key="RepresentationType">THEMATIC</MDI>
      <MDI key="STATISTICS_COVARIANCES">24.65553281847809</MDI>
      <MDI key="STATISTICS_MAXIMUM">17</MDI>
      <MDI key="STATISTICS_MEAN">8.0404793854981</MDI>
      <MDI key="STATISTICS_MINIMUM">1</MDI>
      <MDI key="STATISTICS_SKIPFACTORX">1</MDI>
      <MDI key="STATISTICS_SKIPFACTORY">1</MDI>
      <MDI key="STATISTICS_STDDEV">4.965433799627</MDI>
    </Metadata>
  </PAMRasterBand>
</PAMDataset>
