<PAMDataset>
  <PAMRasterBand band="1">
    <Histograms>
      <HistItem>
        <HistMin>-110</HistMin>
        <HistMax>6028</HistMax>
        <BucketCount>256</BucketCount>
        <IncludeOutOfRange>1</IncludeOutOfRange>
        <Approximate>0</Approximate>
        <HistCounts>4|7|13|14|11|14|10|11|7|12|13|7|15|11|16|14|28|29|17|28|39|48|40|34|40|36|44|41|49|50|47|45|74|58|72|73|68|76|68|63|82|81|97|120|124|106|105|98|134|128|121|121|150|119|138|148|153|164|153|222|175|207|181|194|184|184|229|220|255|229|238|274|278|280|265|305|299|288|317|358|337|369|341|368|386|379|379|371|420|402|390|387|382|414|413|372|371|407|402|437|421|379|424|408|401|365|435|411|390|438|427|434|356|442|438|385|395|387|373|329|343|336|384|327|333|287|272|309|300|265|299|233|244|229|227|213|220|184|206|168|168|165|124|145|136|140|104|116|105|104|93|84|101|78|99|67|56|65|56|49|44|41|40|37|37|36|38|35|30|32|31|20|26|18|14|28|16|14|12|7|11|8|8|11|4|4|6|4|5|8|1|5|10|3|0|2|2|2|4|1|5|1|2|1|1|1|0|3|0|0|0|2|2|1|0|0|0|0|0|0|0|0|0|0|0|0|0|0|0|0|0|0|0|0|0|0|0|0|0|0|0|0|0|0|0|0|0|0|0|0|0|0|0|0|0|2</HistCounts>
      </HistItem>
    </Histograms>
    <Metadata>
      <MDI key="STATISTICS_COVARIANCES">578985.5631338577</MDI>
      <MDI key="STATISTICS_MAXIMUM">6028</MDI>
      <MDI key="STATISTICS_MEAN">2253.1721789586</MDI>
      <MDI key="STATISTICS_MINIMUM">-110</MDI>
      <MDI key="STATISTICS_SKIPFACTORX">1</MDI>
      <MDI key="STATISTICS_SKIPFACTORY">1</MDI>
      <MDI key="STATISTICS_STDDEV">760.91100868226</MDI>
    </Metadata>
  </PAMRasterBand>
  <PAMRasterBand band="2">
    <Metadata>
      <MDI key="STATISTICS_COVARIANCES">517805.2823313468</MDI>
      <MDI key="STATISTICS_MAXIMUM">5091</MDI>
      <MDI key="STATISTICS_MEAN">2249.3423728814</MDI>
      <MDI key="STATISTICS_MINIMUM">-78</MDI>
      <MDI key="STATISTICS_SKIPFACTORX">1</MDI>
      <MDI key="STATISTICS_SKIPFACTORY">1</MDI>
      <MDI key="STATISTICS_STDDEV">719.58688310123</MDI>
    </Metadata>
  </PAMRasterBand>
  <PAMRasterBand band="3">
    <Metadata>
      <MDI key="STATISTICS_COVARIANCES">457991.3422833762</MDI>
      <MDI key="STATISTICS_MAXIMUM">5073</MDI>
      <MDI key="STATISTICS_MEAN">2304.4205832952</MDI>
      <MDI key="STATISTICS_MINIMUM">-159</MDI>
      <MDI key="STATISTICS_SKIPFACTORX">1</MDI>
      <MDI key="STATISTICS_SKIPFACTORY">1</MDI>
      <MDI key="STATISTICS_STDDEV">676.75057612342</MDI>
    </Metadata>
  </PAMRasterBand>
  <PAMRasterBand band="4">
    <Metadata>
      <MDI key="STATISTICS_COVARIANCES">375003.2855406257</MDI>
      <MDI key="STATISTICS_MAXIMUM">4546</MDI>
      <MDI key="STATISTICS_MEAN">2258.0158802871</MDI>
      <MDI key="STATISTICS_MINIMUM">-143</MDI>
      <MDI key="STATISTICS_SKIPFACTORX">1</MDI>
      <MDI key="STATISTICS_SKIPFACTORY">1</MDI>
      <MDI key="STATISTICS_STDDEV">612.37511832261</MDI>
    </Metadata>
  </PAMRasterBand>
  <PAMRasterBand band="5">
    <Metadata>
      <MDI key="STATISTICS_COVARIANCES">333711.2549413433</MDI>
      <MDI key="STATISTICS_MAXIMUM">4501</MDI>
      <MDI key="STATISTICS_MEAN">2250.1397159872</MDI>
      <MDI key="STATISTICS_MINIMUM">-64</MDI>
      <MDI key="STATISTICS_SKIPFACTORX">1</MDI>
      <MDI key="STATISTICS_SKIPFACTORY">1</MDI>
      <MDI key="STATISTICS_STDDEV">577.67746618796</MDI>
    </Metadata>
  </PAMRasterBand>
  <PAMRasterBand band="6">
    <Metadata>
      <MDI key="STATISTICS_COVARIANCES">411830.4716162664</MDI>
      <MDI key="STATISTICS_MAXIMUM">5712</MDI>
      <MDI key="STATISTICS_MEAN">2377.2770499313</MDI>
      <MDI key="STATISTICS_MINIMUM">-163</MDI>
      <MDI key="STATISTICS_SKIPFACTORX">1</MDI>
      <MDI key="STATISTICS_SKIPFACTORY">1</MDI>
      <MDI key="STATISTICS_STDDEV">641.74019012079</MDI>
    </Metadata>
  </PAMRasterBand>
  <PAMRasterBand band="7">
    <Metadata>
      <MDI key="STATISTICS_COVARIANCES">684166.7263695097</MDI>
      <MDI key="STATISTICS_MAXIMUM">6815</MDI>
      <MDI key="STATISTICS_MEAN">2845.5712017102</MDI>
      <MDI key="STATISTICS_MINIMUM">-89</MDI>
      <MDI key="STATISTICS_SKIPFACTORX">1</MDI>
      <MDI key="STATISTICS_SKIPFACTORY">1</MDI>
      <MDI key="STATISTICS_STDDEV">827.14371566827</MDI>
    </Metadata>
  </PAMRasterBand>
  <PAMRasterBand band="8">
    <Metadata>
      <MDI key="STATISTICS_COVARIANCES">1960742.728947269</MDI>
      <MDI key="STATISTICS_MAXIMUM">9743</MDI>
      <MDI key="STATISTICS_MEAN">2271.2187814934</MDI>
      <MDI key="STATISTICS_MINIMUM">-3000</MDI>
      <MDI key="STATISTICS_SKIPFACTORX">1</MDI>
      <MDI key="STATISTICS_SKIPFACTORY">1</MDI>
      <MDI key="STATISTICS_STDDEV">1400.2652352134</MDI>
    </Metadata>
  </PAMRasterBand>
  <PAMRasterBand band="9">
    <Metadata>
      <MDI key="STATISTICS_COVARIANCES">936940.1598154699</MDI>
      <MDI key="STATISTICS_MAXIMUM">6904</MDI>
      <MDI key="STATISTICS_MEAN">3122.5061841503</MDI>
      <MDI key="STATISTICS_MINIMUM">4</MDI>
      <MDI key="STATISTICS_SKIPFACTORX">1</MDI>
      <MDI key="STATISTICS_SKIPFACTORY">1</MDI>
      <MDI key="STATISTICS_STDDEV">967.95669315082</MDI>
    </Metadata>
  </PAMRasterBand>
  <PAMRasterBand band="10">
    <Metadata>
      <MDI key="STATISTICS_COVARIANCES">1148798.584823821</MDI>
      <MDI key="STATISTICS_MAXIMUM">7007</MDI>
      <MDI key="STATISTICS_MEAN">3493.9627118644</MDI>
      <MDI key="STATISTICS_MINIMUM">-2</MDI>
      <MDI key="STATISTICS_SKIPFACTORX">1</MDI>
      <MDI key="STATISTICS_SKIPFACTORY">1</MDI>
      <MDI key="STATISTICS_STDDEV">1071.8202203839</MDI>
    </Metadata>
  </PAMRasterBand>
  <PAMRasterBand band="11">
    <Metadata>
      <MDI key="STATISTICS_COVARIANCES">1245618.647966515</MDI>
      <MDI key="STATISTICS_MAXIMUM">7712</MDI>
      <MDI key="STATISTICS_MEAN">3896.3876622385</MDI>
      <MDI key="STATISTICS_MINIMUM">-79</MDI>
      <MDI key="STATISTICS_SKIPFACTORX">1</MDI>
      <MDI key="STATISTICS_SKIPFACTORY">1</MDI>
      <MDI key="STATISTICS_STDDEV">1116.0728685738</MDI>
    </Metadata>
  </PAMRasterBand>
  <PAMRasterBand band="12">
    <Metadata>
      <MDI key="STATISTICS_COVARIANCES">1424784.670213019</MDI>
      <MDI key="STATISTICS_MAXIMUM">7534</MDI>
      <MDI key="STATISTICS_MEAN">4094.5409070087</MDI>
      <MDI key="STATISTICS_MINIMUM">-70</MDI>
      <MDI key="STATISTICS_SKIPFACTORX">1</MDI>
      <MDI key="STATISTICS_SKIPFACTORY">1</MDI>
      <MDI key="STATISTICS_STDDEV">1193.643443501</MDI>
    </Metadata>
  </PAMRasterBand>
  <PAMRasterBand band="13">
    <Metadata>
      <MDI key="STATISTICS_COVARIANCES">1324156.401133867</MDI>
      <MDI key="STATISTICS_MAXIMUM">7580</MDI>
      <MDI key="STATISTICS_MEAN">4084.8589708352</MDI>
      <MDI key="STATISTICS_MINIMUM">37</MDI>
      <MDI key="STATISTICS_SKIPFACTORX">1</MDI>
      <MDI key="STATISTICS_SKIPFACTORY">1</MDI>
      <MDI key="STATISTICS_STDDEV">1150.7199490466</MDI>
    </Metadata>
  </PAMRasterBand>
  <PAMRasterBand band="14">
    <Metadata>
      <MDI key="STATISTICS_COVARIANCES">1162953.449205782</MDI>
      <MDI key="STATISTICS_MAXIMUM">6859</MDI>
      <MDI key="STATISTICS_MEAN">3942.0098946404</MDI>
      <MDI key="STATISTICS_MINIMUM">-3000</MDI>
      <MDI key="STATISTICS_SKIPFACTORX">1</MDI>
      <MDI key="STATISTICS_SKIPFACTORY">1</MDI>
      <MDI key="STATISTICS_STDDEV">1078.4031941745</MDI>
    </Metadata>
  </PAMRasterBand>
  <PAMRasterBand band="15">
    <Metadata>
      <MDI key="STATISTICS_COVARIANCES">1091213.913989474</MDI>
      <MDI key="STATISTICS_MAXIMUM">6872</MDI>
      <MDI key="STATISTICS_MEAN">3831.0976637655</MDI>
      <MDI key="STATISTICS_MINIMUM">-3000</MDI>
      <MDI key="STATISTICS_SKIPFACTORX">1</MDI>
      <MDI key="STATISTICS_SKIPFACTORY">1</MDI>
      <MDI key="STATISTICS_STDDEV">1044.6118484822</MDI>
    </Metadata>
  </PAMRasterBand>
  <PAMRasterBand band="16">
    <Metadata>
      <MDI key="STATISTICS_COVARIANCES">870443.8104033648</MDI>
      <MDI key="STATISTICS_MAXIMUM">6791</MDI>
      <MDI key="STATISTICS_MEAN">3607.8799205986</MDI>
      <MDI key="STATISTICS_MINIMUM">48</MDI>
      <MDI key="STATISTICS_SKIPFACTORX">1</MDI>
      <MDI key="STATISTICS_SKIPFACTORY">1</MDI>
      <MDI key="STATISTICS_STDDEV">932.97578232415</MDI>
    </Metadata>
  </PAMRasterBand>
  <PAMRasterBand band="17">
    <Metadata>
      <MDI key="STATISTICS_COVARIANCES">869557.9403220036</MDI>
      <MDI key="STATISTICS_MAXIMUM">6532</MDI>
      <MDI key="STATISTICS_MEAN">3523.8046113911</MDI>
      <MDI key="STATISTICS_MINIMUM">-175</MDI>
      <MDI key="STATISTICS_SKIPFACTORX">1</MDI>
      <MDI key="STATISTICS_SKIPFACTORY">1</MDI>
      <MDI key="STATISTICS_STDDEV">932.50090633844</MDI>
    </Metadata>
  </PAMRasterBand>
  <PAMRasterBand band="18">
    <Metadata>
      <MDI key="STATISTICS_COVARIANCES">746133.492389404</MDI>
      <MDI key="STATISTICS_MAXIMUM">6086</MDI>
      <MDI key="STATISTICS_MEAN">3376.5129027332</MDI>
      <MDI key="STATISTICS_MINIMUM">-34</MDI>
      <MDI key="STATISTICS_SKIPFACTORX">1</MDI>
      <MDI key="STATISTICS_SKIPFACTORY">1</MDI>
      <MDI key="STATISTICS_STDDEV">863.79019002846</MDI>
    </Metadata>
  </PAMRasterBand>
  <PAMRasterBand band="19">
    <Metadata>
      <MDI key="STATISTICS_COVARIANCES">726033.3287602549</MDI>
      <MDI key="STATISTICS_MAXIMUM">6485</MDI>
      <MDI key="STATISTICS_MEAN">3084.9578867003</MDI>
      <MDI key="STATISTICS_MINIMUM">-141</MDI>
      <MDI key="STATISTICS_SKIPFACTORX">1</MDI>
      <MDI key="STATISTICS_SKIPFACTORY">1</MDI>
      <MDI key="STATISTICS_STDDEV">852.07589377957</MDI>
    </Metadata>
  </PAMRasterBand>
  <PAMRasterBand band="20">
    <Metadata>
      <MDI key="STATISTICS_COVARIANCES">692305.2403927506</MDI>
      <MDI key="STATISTICS_MAXIMUM">6344</MDI>
      <MDI key="STATISTICS_MEAN">2935.7181859826</MDI>
      <MDI key="STATISTICS_MINIMUM">-3000</MDI>
      <MDI key="STATISTICS_SKIPFACTORX">1</MDI>
      <MDI key="STATISTICS_SKIPFACTORY">1</MDI>
      <MDI key="STATISTICS_STDDEV">832.04882091903</MDI>
    </Metadata>
  </PAMRasterBand>
  <PAMRasterBand band="21">
    <Metadata>
      <MDI key="STATISTICS_COVARIANCES">904846.4449441352</MDI>
      <MDI key="STATISTICS_MAXIMUM">8530</MDI>
      <MDI key="STATISTICS_MEAN">2881.7385249656</MDI>
      <MDI key="STATISTICS_MINIMUM">-3000</MDI>
      <MDI key="STATISTICS_SKIPFACTORX">1</MDI>
      <MDI key="STATISTICS_SKIPFACTORY">1</MDI>
      <MDI key="STATISTICS_STDDEV">951.23416935271</MDI>
    </Metadata>
  </PAMRasterBand>
  <PAMRasterBand band="22">
    <Metadata>
      <MDI key="STATISTICS_COVARIANCES">693498.9797990763</MDI>
      <MDI key="STATISTICS_MAXIMUM">6373</MDI>
      <MDI key="STATISTICS_MEAN">2849.1773095129</MDI>
      <MDI key="STATISTICS_MINIMUM">-3000</MDI>
      <MDI key="STATISTICS_SKIPFACTORX">1</MDI>
      <MDI key="STATISTICS_SKIPFACTORY">1</MDI>
      <MDI key="STATISTICS_STDDEV">832.76586133143</MDI>
    </Metadata>
  </PAMRasterBand>
  <PAMRasterBand band="23">
    <Metadata>
      <MDI key="STATISTICS_COVARIANCES">686903.9337162761</MDI>
      <MDI key="STATISTICS_MAXIMUM">6599</MDI>
      <MDI key="STATISTICS_MEAN">2601.2797373645</MDI>
      <MDI key="STATISTICS_MINIMUM">-3000</MDI>
      <MDI key="STATISTICS_SKIPFACTORX">1</MDI>
      <MDI key="STATISTICS_SKIPFACTORY">1</MDI>
      <MDI key="STATISTICS_STDDEV">828.79667815229</MDI>
    </Metadata>
  </PAMRasterBand>
  <PAMRasterBand band="24">
    <Metadata>
      <MDI key="STATISTICS_COVARIANCES">690658.0885264667</MDI>
      <MDI key="STATISTICS_MAXIMUM">6964</MDI>
      <MDI key="STATISTICS_MEAN">2566.0277905024</MDI>
      <MDI key="STATISTICS_MINIMUM">-3000</MDI>
      <MDI key="STATISTICS_SKIPFACTORX">1</MDI>
      <MDI key="STATISTICS_SKIPFACTORY">1</MDI>
      <MDI key="STATISTICS_STDDEV">831.05841462948</MDI>
    </Metadata>
  </PAMRasterBand>
  <PAMRasterBand band="25">
    <Metadata>
      <MDI key="STATISTICS_COVARIANCES">1408307.127827789</MDI>
      <MDI key="STATISTICS_MAXIMUM">9195</MDI>
      <MDI key="STATISTICS_MEAN">2058.7119254848</MDI>
      <MDI key="STATISTICS_MINIMUM">-3000</MDI>
      <MDI key="STATISTICS_SKIPFACTORX">1</MDI>
      <MDI key="STATISTICS_SKIPFACTORY">1</MDI>
      <MDI key="STATISTICS_STDDEV">1186.7211668407</MDI>
    </Metadata>
  </PAMRasterBand>
  <PAMRasterBand band="26">
    <Metadata>
      <MDI key="STATISTICS_COVARIANCES">637940.2845554235</MDI>
      <MDI key="STATISTICS_MAXIMUM">6061</MDI>
      <MDI key="STATISTICS_MEAN">2638.238173767</MDI>
      <MDI key="STATISTICS_MINIMUM">-3000</MDI>
      <MDI key="STATISTICS_SKIPFACTORX">1</MDI>
      <MDI key="STATISTICS_SKIPFACTORY">1</MDI>
      <MDI key="STATISTICS_STDDEV">798.71164042815</MDI>
    </Metadata>
  </PAMRasterBand>
  <PAMRasterBand band="27">
    <Metadata>
      <MDI key="STATISTICS_COVARIANCES">539707.69401875</MDI>
      <MDI key="STATISTICS_MAXIMUM">6031</MDI>
      <MDI key="STATISTICS_MEAN">2787.7597495801</MDI>
      <MDI key="STATISTICS_MINIMUM">-3000</MDI>
      <MDI key="STATISTICS_SKIPFACTORX">1</MDI>
      <MDI key="STATISTICS_SKIPFACTORY">1</MDI>
      <MDI key="STATISTICS_STDDEV">734.64800688408</MDI>
    </Metadata>
  </PAMRasterBand>
  <PAMRasterBand band="28">
    <Metadata>
      <MDI key="STATISTICS_COVARIANCES">733020.5399753897</MDI>
      <MDI key="STATISTICS_MAXIMUM">6314</MDI>
      <MDI key="STATISTICS_MEAN">2610.1744083066</MDI>
      <MDI key="STATISTICS_MINIMUM">-3000</MDI>
      <MDI key="STATISTICS_SKIPFACTORX">1</MDI>
      <MDI key="STATISTICS_SKIPFACTORY">1</MDI>
      <MDI key="STATISTICS_STDDEV">856.16618712455</MDI>
    </Metadata>
  </PAMRasterBand>
  <PAMRasterBand band="29">
    <Metadata>
      <MDI key="STATISTICS_COVARIANCES">1782899.829895824</MDI>
      <MDI key="STATISTICS_MAXIMUM">9617</MDI>
      <MDI key="STATISTICS_MEAN">2625.7377004123</MDI>
      <MDI key="STATISTICS_MINIMUM">-3000</MDI>
      <MDI key="STATISTICS_SKIPFACTORX">1</MDI>
      <MDI key="STATISTICS_SKIPFACTORY">1</MDI>
      <MDI key="STATISTICS_STDDEV">1335.2527213587</MDI>
    </Metadata>
  </PAMRasterBand>
  <PAMRasterBand band="30">
    <Metadata>
      <MDI key="STATISTICS_COVARIANCES">617076.7138741338</MDI>
      <MDI key="STATISTICS_MAXIMUM">6471</MDI>
      <MDI key="STATISTICS_MEAN">2847.8371965186</MDI>
      <MDI key="STATISTICS_MINIMUM">-232</MDI>
      <MDI key="STATISTICS_SKIPFACTORX">1</MDI>
      <MDI key="STATISTICS_SKIPFACTORY">1</MDI>
      <MDI key="STATISTICS_STDDEV">785.54230559158</MDI>
    </Metadata>
  </PAMRasterBand>
  <PAMRasterBand band="31">
    <Metadata>
      <MDI key="STATISTICS_COVARIANCES">956111.1363904456</MDI>
      <MDI key="STATISTICS_MAXIMUM">7193</MDI>
      <MDI key="STATISTICS_MEAN">3264.5323560849</MDI>
      <MDI key="STATISTICS_MINIMUM">-3000</MDI>
      <MDI key="STATISTICS_SKIPFACTORX">1</MDI>
      <MDI key="STATISTICS_SKIPFACTORY">1</MDI>
      <MDI key="STATISTICS_STDDEV">977.80935585136</MDI>
    </Metadata>
  </PAMRasterBand>
  <PAMRasterBand band="32">
    <Metadata>
      <MDI key="STATISTICS_COVARIANCES">1096085.405368441</MDI>
      <MDI key="STATISTICS_MAXIMUM">7245</MDI>
      <MDI key="STATISTICS_MEAN">3569.3037715682</MDI>
      <MDI key="STATISTICS_MINIMUM">-4</MDI>
      <MDI key="STATISTICS_SKIPFACTORX">1</MDI>
      <MDI key="STATISTICS_SKIPFACTORY">1</MDI>
      <MDI key="STATISTICS_STDDEV">1046.940975112</MDI>
    </Metadata>
  </PAMRasterBand>
  <PAMRasterBand band="33">
    <Metadata>
      <MDI key="STATISTICS_COVARIANCES">1265600.195100048</MDI>
      <MDI key="STATISTICS_MAXIMUM">7514</MDI>
      <MDI key="STATISTICS_MEAN">3920.0678271492</MDI>
      <MDI key="STATISTICS_MINIMUM">34</MDI>
      <MDI key="STATISTICS_SKIPFACTORX">1</MDI>
      <MDI key="STATISTICS_SKIPFACTORY">1</MDI>
      <MDI key="STATISTICS_STDDEV">1124.988975546</MDI>
    </Metadata>
  </PAMRasterBand>
  <PAMRasterBand band="34">
    <Metadata>
      <MDI key="STATISTICS_COVARIANCES">1503170.783458879</MDI>
      <MDI key="STATISTICS_MAXIMUM">8049</MDI>
      <MDI key="STATISTICS_MEAN">4358.651610933</MDI>
      <MDI key="STATISTICS_MINIMUM">-19</MDI>
      <MDI key="STATISTICS_SKIPFACTORX">1</MDI>
      <MDI key="STATISTICS_SKIPFACTORY">1</MDI>
      <MDI key="STATISTICS_STDDEV">1226.0386549611</MDI>
    </Metadata>
  </PAMRasterBand>
  <PAMRasterBand band="35">
    <Metadata>
      <MDI key="STATISTICS_COVARIANCES">1280644.11760254</MDI>
      <MDI key="STATISTICS_MAXIMUM">7599</MDI>
      <MDI key="STATISTICS_MEAN">4314.3849442663</MDI>
      <MDI key="STATISTICS_MINIMUM">70</MDI>
      <MDI key="STATISTICS_SKIPFACTORX">1</MDI>
      <MDI key="STATISTICS_SKIPFACTORY">1</MDI>
      <MDI key="STATISTICS_STDDEV">1131.6554765486</MDI>
    </Metadata>
  </PAMRasterBand>
  <PAMRasterBand band="36">
    <Metadata>
      <MDI key="STATISTICS_COVARIANCES">1171728.863875534</MDI>
      <MDI key="STATISTICS_MAXIMUM">7363</MDI>
      <MDI key="STATISTICS_MEAN">4192.1906550618</MDI>
      <MDI key="STATISTICS_MINIMUM">-82</MDI>
      <MDI key="STATISTICS_SKIPFACTORX">1</MDI>
      <MDI key="STATISTICS_SKIPFACTORY">1</MDI>
      <MDI key="STATISTICS_STDDEV">1082.4642552415</MDI>
    </Metadata>
  </PAMRasterBand>
  <PAMRasterBand band="37">
    <Metadata>
      <MDI key="STATISTICS_COVARIANCES">1126620.542081636</MDI>
      <MDI key="STATISTICS_MAXIMUM">7222</MDI>
      <MDI key="STATISTICS_MEAN">3940.2952817224</MDI>
      <MDI key="STATISTICS_MINIMUM">-205</MDI>
      <MDI key="STATISTICS_SKIPFACTORX">1</MDI>
      <MDI key="STATISTICS_SKIPFACTORY">1</MDI>
      <MDI key="STATISTICS_STDDEV">1061.4238277341</MDI>
    </Metadata>
  </PAMRasterBand>
  <PAMRasterBand band="38">
    <Metadata>
      <MDI key="STATISTICS_COVARIANCES">995492.3756265276</MDI>
      <MDI key="STATISTICS_MAXIMUM">7060</MDI>
      <MDI key="STATISTICS_MEAN">3788.0415330585</MDI>
      <MDI key="STATISTICS_MINIMUM">-339</MDI>
      <MDI key="STATISTICS_SKIPFACTORX">1</MDI>
      <MDI key="STATISTICS_SKIPFACTORY">1</MDI>
      <MDI key="STATISTICS_STDDEV">997.74364223809</MDI>
    </Metadata>
  </PAMRasterBand>
  <PAMRasterBand band="39">
    <Metadata>
      <MDI key="STATISTICS_COVARIANCES">893970.2303761666</MDI>
      <MDI key="STATISTICS_MAXIMUM">7060</MDI>
      <MDI key="STATISTICS_MEAN">3495.5660406169</MDI>
      <MDI key="STATISTICS_MINIMUM">-320</MDI>
      <MDI key="STATISTICS_SKIPFACTORX">1</MDI>
      <MDI key="STATISTICS_SKIPFACTORY">1</MDI>
      <MDI key="STATISTICS_STDDEV">945.49998962251</MDI>
    </Metadata>
  </PAMRasterBand>
  <PAMRasterBand band="40">
    <Metadata>
      <MDI key="STATISTICS_COVARIANCES">743787.1736492117</MDI>
      <MDI key="STATISTICS_MAXIMUM">6549</MDI>
      <MDI key="STATISTICS_MEAN">3235.314704535</MDI>
      <MDI key="STATISTICS_MINIMUM">-26</MDI>
      <MDI key="STATISTICS_SKIPFACTORX">1</MDI>
      <MDI key="STATISTICS_SKIPFACTORY">1</MDI>
      <MDI key="STATISTICS_STDDEV">862.43096746882</MDI>
    </Metadata>
  </PAMRasterBand>
  <PAMRasterBand band="41">
    <Metadata>
      <MDI key="STATISTICS_COVARIANCES">731871.4587876267</MDI>
      <MDI key="STATISTICS_MAXIMUM">6086</MDI>
      <MDI key="STATISTICS_MEAN">2949.3928844098</MDI>
      <MDI key="STATISTICS_MINIMUM">-217</MDI>
      <MDI key="STATISTICS_SKIPFACTORX">1</MDI>
      <MDI key="STATISTICS_SKIPFACTORY">1</MDI>
      <MDI key="STATISTICS_STDDEV">855.49486192941</MDI>
    </Metadata>
  </PAMRasterBand>
  <PAMRasterBand band="42">
    <Metadata>
      <MDI key="STATISTICS_COVARIANCES">693216.8553665296</MDI>
      <MDI key="STATISTICS_MAXIMUM">5902</MDI>
      <MDI key="STATISTICS_MEAN">2980.3195602382</MDI>
      <MDI key="STATISTICS_MINIMUM">-36</MDI>
      <MDI key="STATISTICS_SKIPFACTORX">1</MDI>
      <MDI key="STATISTICS_SKIPFACTORY">1</MDI>
      <MDI key="STATISTICS_STDDEV">832.59645409197</MDI>
    </Metadata>
  </PAMRasterBand>
  <PAMRasterBand band="43">
    <Metadata>
      <MDI key="STATISTICS_COVARIANCES">764602.0839172594</MDI>
      <MDI key="STATISTICS_MAXIMUM">6479</MDI>
      <MDI key="STATISTICS_MEAN">2943.11919377</MDI>
      <MDI key="STATISTICS_MINIMUM">-3000</MDI>
      <MDI key="STATISTICS_SKIPFACTORX">1</MDI>
      <MDI key="STATISTICS_SKIPFACTORY">1</MDI>
      <MDI key="STATISTICS_STDDEV">874.41528115493</MDI>
    </Metadata>
  </PAMRasterBand>
  <PAMRasterBand band="44">
    <Metadata>
      <MDI key="STATISTICS_COVARIANCES">723367.966194439</MDI>
      <MDI key="STATISTICS_MAXIMUM">6476</MDI>
      <MDI key="STATISTICS_MEAN">2785.0190868835</MDI>
      <MDI key="STATISTICS_MINIMUM">-141</MDI>
      <MDI key="STATISTICS_SKIPFACTORX">1</MDI>
      <MDI key="STATISTICS_SKIPFACTORY">1</MDI>
      <MDI key="STATISTICS_STDDEV">850.51041510051</MDI>
    </Metadata>
  </PAMRasterBand>
  <PAMRasterBand band="45">
    <Metadata>
      <MDI key="STATISTICS_COVARIANCES">694066.3648860175</MDI>
      <MDI key="STATISTICS_MAXIMUM">6477</MDI>
      <MDI key="STATISTICS_MEAN">2644.8566193312</MDI>
      <MDI key="STATISTICS_MINIMUM">-3000</MDI>
      <MDI key="STATISTICS_SKIPFACTORX">1</MDI>
      <MDI key="STATISTICS_SKIPFACTORY">1</MDI>
      <MDI key="STATISTICS_STDDEV">833.10645471393</MDI>
    </Metadata>
  </PAMRasterBand>
  <PAMRasterBand band="46">
    <Metadata>
      <MDI key="STATISTICS_COVARIANCES">1334861.020521246</MDI>
      <MDI key="STATISTICS_MAXIMUM">6922</MDI>
      <MDI key="STATISTICS_MEAN">2823.8302947015</MDI>
      <MDI key="STATISTICS_MINIMUM">-3000</MDI>
      <MDI key="STATISTICS_SKIPFACTORX">1</MDI>
      <MDI key="STATISTICS_SKIPFACTORY">1</MDI>
      <MDI key="STATISTICS_STDDEV">1155.3618569614</MDI>
    </Metadata>
  </PAMRasterBand>
  <PAMRasterBand band="47">
    <Metadata>
      <MDI key="STATISTICS_COVARIANCES">606678.9586855015</MDI>
      <MDI key="STATISTICS_MAXIMUM">5411</MDI>
      <MDI key="STATISTICS_MEAN">2523.2669109788</MDI>
      <MDI key="STATISTICS_MINIMUM">-3000</MDI>
      <MDI key="STATISTICS_SKIPFACTORX">1</MDI>
      <MDI key="STATISTICS_SKIPFACTORY">1</MDI>
      <MDI key="STATISTICS_STDDEV">778.89598707754</MDI>
    </Metadata>
  </PAMRasterBand>
  <PAMRasterBand band="48">
    <Metadata>
      <MDI key="STATISTICS_COVARIANCES">2043796.55545882</MDI>
      <MDI key="STATISTICS_MAXIMUM">7843</MDI>
      <MDI key="STATISTICS_MEAN">1373.1612154527</MDI>
      <MDI key="STATISTICS_MINIMUM">-3000</MDI>
      <MDI key="STATISTICS_SKIPFACTORX">1</MDI>
      <MDI key="STATISTICS_SKIPFACTORY">1</MDI>
      <MDI key="STATISTICS_STDDEV">1429.6141281684</MDI>
    </Metadata>
  </PAMRasterBand>
  <PAMRasterBand band="49">
    <Metadata>
      <MDI key="STATISTICS_COVARIANCES">1472748.57007259</MDI>
      <MDI key="STATISTICS_MAXIMUM">7805</MDI>
      <MDI key="STATISTICS_MEAN">2095.5365704688</MDI>
      <MDI key="STATISTICS_MINIMUM">-3000</MDI>
      <MDI key="STATISTICS_SKIPFACTORX">1</MDI>
      <MDI key="STATISTICS_SKIPFACTORY">1</MDI>
      <MDI key="STATISTICS_STDDEV">1213.5685271432</MDI>
    </Metadata>
  </PAMRasterBand>
  <PAMRasterBand band="50">
    <Metadata>
      <MDI key="STATISTICS_COVARIANCES">612252.9898848786</MDI>
      <MDI key="STATISTICS_MAXIMUM">9534</MDI>
      <MDI key="STATISTICS_MEAN">2479.9108566193</MDI>
      <MDI key="STATISTICS_MINIMUM">-3000</MDI>
      <MDI key="STATISTICS_SKIPFACTORX">1</MDI>
      <MDI key="STATISTICS_SKIPFACTORY">1</MDI>
      <MDI key="STATISTICS_STDDEV">782.46596723748</MDI>
    </Metadata>
  </PAMRasterBand>
  <PAMRasterBand band="51">
    <Metadata>
      <MDI key="STATISTICS_COVARIANCES">465640.7314416133</MDI>
      <MDI key="STATISTICS_MAXIMUM">6254</MDI>
      <MDI key="STATISTICS_MEAN">2645.0467857688</MDI>
      <MDI key="STATISTICS_MINIMUM">-180</MDI>
      <MDI key="STATISTICS_SKIPFACTORX">1</MDI>
      <MDI key="STATISTICS_SKIPFACTORY">1</MDI>
      <MDI key="STATISTICS_STDDEV">682.37873020898</MDI>
    </Metadata>
  </PAMRasterBand>
  <PAMRasterBand band="52">
    <Metadata>
      <MDI key="STATISTICS_COVARIANCES">1664265.025412503</MDI>
      <MDI key="STATISTICS_MAXIMUM">7877</MDI>
      <MDI key="STATISTICS_MEAN">1713.5947778287</MDI>
      <MDI key="STATISTICS_MINIMUM">-3000</MDI>
      <MDI key="STATISTICS_SKIPFACTORX">1</MDI>
      <MDI key="STATISTICS_SKIPFACTORY">1</MDI>
      <MDI key="STATISTICS_STDDEV">1290.0639617525</MDI>
    </Metadata>
  </PAMRasterBand>
  <PAMRasterBand band="53">
    <Metadata>
      <MDI key="STATISTICS_COVARIANCES">759515.9885499359</MDI>
      <MDI key="STATISTICS_MAXIMUM">6190</MDI>
      <MDI key="STATISTICS_MEAN">2979.4597037716</MDI>
      <MDI key="STATISTICS_MINIMUM">-9</MDI>
      <MDI key="STATISTICS_SKIPFACTORX">1</MDI>
      <MDI key="STATISTICS_SKIPFACTORY">1</MDI>
      <MDI key="STATISTICS_STDDEV">871.50214489118</MDI>
    </Metadata>
  </PAMRasterBand>
  <PAMRasterBand band="54">
    <Metadata>
      <MDI key="STATISTICS_COVARIANCES">1265704.888522376</MDI>
      <MDI key="STATISTICS_MAXIMUM">7795</MDI>
      <MDI key="STATISTICS_MEAN">3828.2529546496</MDI>
      <MDI key="STATISTICS_MINIMUM">62</MDI>
      <MDI key="STATISTICS_SKIPFACTORX">1</MDI>
      <MDI key="STATISTICS_SKIPFACTORY">1</MDI>
      <MDI key="STATISTICS_STDDEV">1125.0355054497</MDI>
    </Metadata>
  </PAMRasterBand>
  <PAMRasterBand band="55">
    <Metadata>
      <MDI key="STATISTICS_COVARIANCES">1330736.626540204</MDI>
      <MDI key="STATISTICS_MAXIMUM">7453</MDI>
      <MDI key="STATISTICS_MEAN">3967.945976485</MDI>
      <MDI key="STATISTICS_MINIMUM">17</MDI>
      <MDI key="STATISTICS_SKIPFACTORX">1</MDI>
      <MDI key="STATISTICS_SKIPFACTORY">1</MDI>
      <MDI key="STATISTICS_STDDEV">1153.5755833669</MDI>
    </Metadata>
  </PAMRasterBand>
  <PAMRasterBand band="56">
    <Metadata>
      <MDI key="STATISTICS_COVARIANCES">1539755.611188935</MDI>
      <MDI key="STATISTICS_MAXIMUM">8297</MDI>
      <MDI key="STATISTICS_MEAN">4388.2327072836</MDI>
      <MDI key="STATISTICS_MINIMUM">-3000</MDI>
      <MDI key="STATISTICS_SKIPFACTORX">1</MDI>
      <MDI key="STATISTICS_SKIPFACTORY">1</MDI>
      <MDI key="STATISTICS_STDDEV">1240.8688936342</MDI>
    </Metadata>
  </PAMRasterBand>
  <PAMRasterBand band="57">
    <Metadata>
      <MDI key="STATISTICS_COVARIANCES">1312615.560806767</MDI>
      <MDI key="STATISTICS_MAXIMUM">7931</MDI>
      <MDI key="STATISTICS_MEAN">4282.4672163689</MDI>
      <MDI key="STATISTICS_MINIMUM">94</MDI>
      <MDI key="STATISTICS_SKIPFACTORX">1</MDI>
      <MDI key="STATISTICS_SKIPFACTORY">1</MDI>
      <MDI key="STATISTICS_STDDEV">1145.6943574998</MDI>
    </Metadata>
  </PAMRasterBand>
  <PAMRasterBand band="58">
    <Metadata>
      <MDI key="STATISTICS_COVARIANCES">1330602.356932524</MDI>
      <MDI key="STATISTICS_MAXIMUM">7674</MDI>
      <MDI key="STATISTICS_MEAN">4421.9403267674</MDI>
      <MDI key="STATISTICS_MINIMUM">-38</MDI>
      <MDI key="STATISTICS_SKIPFACTORX">1</MDI>
      <MDI key="STATISTICS_SKIPFACTORY">1</MDI>
      <MDI key="STATISTICS_STDDEV">1153.5173847552</MDI>
    </Metadata>
  </PAMRasterBand>
  <PAMRasterBand band="59">
    <Metadata>
      <MDI key="STATISTICS_COVARIANCES">1156836.365169589</MDI>
      <MDI key="STATISTICS_MAXIMUM">7605</MDI>
      <MDI key="STATISTICS_MEAN">4287.617895862</MDI>
      <MDI key="STATISTICS_MINIMUM">-3000</MDI>
      <MDI key="STATISTICS_SKIPFACTORX">1</MDI>
      <MDI key="STATISTICS_SKIPFACTORY">1</MDI>
      <MDI key="STATISTICS_STDDEV">1075.5632780872</MDI>
    </Metadata>
  </PAMRasterBand>
  <PAMRasterBand band="60">
    <Metadata>
      <MDI key="STATISTICS_COVARIANCES">949108.6548025102</MDI>
      <MDI key="STATISTICS_MAXIMUM">7338</MDI>
      <MDI key="STATISTICS_MEAN">3971.8525271034</MDI>
      <MDI key="STATISTICS_MINIMUM">32</MDI>
      <MDI key="STATISTICS_SKIPFACTORX">1</MDI>
      <MDI key="STATISTICS_SKIPFACTORY">1</MDI>
      <MDI key="STATISTICS_STDDEV">974.22207673739</MDI>
    </Metadata>
  </PAMRasterBand>
  <PAMRasterBand band="61">
    <Metadata>
      <MDI key="STATISTICS_COVARIANCES">906050.8004476387</MDI>
      <MDI key="STATISTICS_MAXIMUM">6877</MDI>
      <MDI key="STATISTICS_MEAN">3741.1457016338</MDI>
      <MDI key="STATISTICS_MINIMUM">-24</MDI>
      <MDI key="STATISTICS_SKIPFACTORX">1</MDI>
      <MDI key="STATISTICS_SKIPFACTORY">1</MDI>
      <MDI key="STATISTICS_STDDEV">951.86700775247</MDI>
    </Metadata>
  </PAMRasterBand>
  <PAMRasterBand band="62">
    <Metadata>
      <MDI key="STATISTICS_COVARIANCES">699885.3093511551</MDI>
      <MDI key="STATISTICS_MAXIMUM">6147</MDI>
      <MDI key="STATISTICS_MEAN">3433.5164452588</MDI>
      <MDI key="STATISTICS_MINIMUM">-31</MDI>
      <MDI key="STATISTICS_SKIPFACTORX">1</MDI>
      <MDI key="STATISTICS_SKIPFACTORY">1</MDI>
      <MDI key="STATISTICS_STDDEV">836.59148295399</MDI>
    </Metadata>
  </PAMRasterBand>
  <PAMRasterBand band="63">
    <Metadata>
      <MDI key="STATISTICS_COVARIANCES">645382.5620848625</MDI>
      <MDI key="STATISTICS_MAXIMUM">6711</MDI>
      <MDI key="STATISTICS_MEAN">3351.0354252558</MDI>
      <MDI key="STATISTICS_MINIMUM">-29</MDI>
      <MDI key="STATISTICS_SKIPFACTORX">1</MDI>
      <MDI key="STATISTICS_SKIPFACTORY">1</MDI>
      <MDI key="STATISTICS_STDDEV">803.35705765548</MDI>
    </Metadata>
  </PAMRasterBand>
  <PAMRasterBand band="64">
    <Metadata>
      <MDI key="STATISTICS_COVARIANCES">719460.7544901943</MDI>
      <MDI key="STATISTICS_MAXIMUM">6434</MDI>
      <MDI key="STATISTICS_MEAN">3470.936998015</MDI>
      <MDI key="STATISTICS_MINIMUM">-3000</MDI>
      <MDI key="STATISTICS_SKIPFACTORX">1</MDI>
      <MDI key="STATISTICS_SKIPFACTORY">1</MDI>
      <MDI key="STATISTICS_STDDEV">848.21032444211</MDI>
    </Metadata>
  </PAMRasterBand>
  <PAMRasterBand band="65">
    <Metadata>
      <MDI key="STATISTICS_COVARIANCES">525670.0250240935</MDI>
      <MDI key="STATISTICS_MAXIMUM">6184</MDI>
      <MDI key="STATISTICS_MEAN">3072.1406321576</MDI>
      <MDI key="STATISTICS_MINIMUM">183</MDI>
      <MDI key="STATISTICS_SKIPFACTORX">1</MDI>
      <MDI key="STATISTICS_SKIPFACTORY">1</MDI>
      <MDI key="STATISTICS_STDDEV">725.03105107581</MDI>
    </Metadata>
  </PAMRasterBand>
  <PAMRasterBand band="66">
    <Metadata>
      <MDI key="STATISTICS_COVARIANCES">3188724.405186656</MDI>
      <MDI key="STATISTICS_MAXIMUM">9549</MDI>
      <MDI key="STATISTICS_MEAN">2235.8130401588</MDI>
      <MDI key="STATISTICS_MINIMUM">-3000</MDI>
      <MDI key="STATISTICS_SKIPFACTORX">1</MDI>
      <MDI key="STATISTICS_SKIPFACTORY">1</MDI>
      <MDI key="STATISTICS_STDDEV">1785.6999762521</MDI>
    </Metadata>
  </PAMRasterBand>
  <PAMRasterBand band="67">
    <Metadata>
      <MDI key="STATISTICS_COVARIANCES">824585.1319016913</MDI>
      <MDI key="STATISTICS_MAXIMUM">7429</MDI>
      <MDI key="STATISTICS_MEAN">2766.6660864254</MDI>
      <MDI key="STATISTICS_MINIMUM">-3000</MDI>
      <MDI key="STATISTICS_SKIPFACTORX">1</MDI>
      <MDI key="STATISTICS_SKIPFACTORY">1</MDI>
      <MDI key="STATISTICS_STDDEV">908.0667001392</MDI>
    </Metadata>
  </PAMRasterBand>
  <PAMRasterBand band="68">
    <Metadata>
      <MDI key="STATISTICS_COVARIANCES">784785.4830095359</MDI>
      <MDI key="STATISTICS_MAXIMUM">7008</MDI>
      <MDI key="STATISTICS_MEAN">2954.2669415178</MDI>
      <MDI key="STATISTICS_MINIMUM">-3000</MDI>
      <MDI key="STATISTICS_SKIPFACTORX">1</MDI>
      <MDI key="STATISTICS_SKIPFACTORY">1</MDI>
      <MDI key="STATISTICS_STDDEV">885.88119012063</MDI>
    </Metadata>
  </PAMRasterBand>
  <PAMRasterBand band="69">
    <Metadata>
      <MDI key="STATISTICS_COVARIANCES">746273.005112341</MDI>
      <MDI key="STATISTICS_MAXIMUM">7653</MDI>
      <MDI key="STATISTICS_MEAN">2745.0069934341</MDI>
      <MDI key="STATISTICS_MINIMUM">-3000</MDI>
      <MDI key="STATISTICS_SKIPFACTORX">1</MDI>
      <MDI key="STATISTICS_SKIPFACTORY">1</MDI>
      <MDI key="STATISTICS_STDDEV">863.87094239379</MDI>
    </Metadata>
  </PAMRasterBand>
  <PAMRasterBand band="70">
    <Metadata>
      <MDI key="STATISTICS_COVARIANCES">639420.9904994458</MDI>
      <MDI key="STATISTICS_MAXIMUM">6957</MDI>
      <MDI key="STATISTICS_MEAN">2708.2959535807</MDI>
      <MDI key="STATISTICS_MINIMUM">-46</MDI>
      <MDI key="STATISTICS_SKIPFACTORX">1</MDI>
      <MDI key="STATISTICS_SKIPFACTORY">1</MDI>
      <MDI key="STATISTICS_STDDEV">799.63803717648</MDI>
    </Metadata>
  </PAMRasterBand>
  <PAMRasterBand band="71">
    <Metadata>
      <MDI key="STATISTICS_COVARIANCES">1482990.839914741</MDI>
      <MDI key="STATISTICS_MAXIMUM">8790</MDI>
      <MDI key="STATISTICS_MEAN">2689.9439609101</MDI>
      <MDI key="STATISTICS_MINIMUM">-3000</MDI>
      <MDI key="STATISTICS_SKIPFACTORX">1</MDI>
      <MDI key="STATISTICS_SKIPFACTORY">1</MDI>
      <MDI key="STATISTICS_STDDEV">1217.7811133019</MDI>
    </Metadata>
  </PAMRasterBand>
  <PAMRasterBand band="72">
    <Metadata>
      <MDI key="STATISTICS_COVARIANCES">590345.7238857483</MDI>
      <MDI key="STATISTICS_MAXIMUM">6671</MDI>
      <MDI key="STATISTICS_MEAN">2541.6979691556</MDI>
      <MDI key="STATISTICS_MINIMUM">-3000</MDI>
      <MDI key="STATISTICS_SKIPFACTORX">1</MDI>
      <MDI key="STATISTICS_SKIPFACTORY">1</MDI>
      <MDI key="STATISTICS_STDDEV">768.33958890958</MDI>
    </Metadata>
  </PAMRasterBand>
  <PAMRasterBand band="73">
    <Metadata>
      <MDI key="STATISTICS_COVARIANCES">378370.188417587</MDI>
      <MDI key="STATISTICS_MAXIMUM">5072</MDI>
      <MDI key="STATISTICS_MEAN">2532.5352572912</MDI>
      <MDI key="STATISTICS_MINIMUM">-123</MDI>
      <MDI key="STATISTICS_SKIPFACTORX">1</MDI>
      <MDI key="STATISTICS_SKIPFACTORY">1</MDI>
      <MDI key="STATISTICS_STDDEV">615.11802803819</MDI>
    </Metadata>
  </PAMRasterBand>
  <PAMRasterBand band="74">
    <Metadata>
      <MDI key="STATISTICS_COVARIANCES">370140.763878221</MDI>
      <MDI key="STATISTICS_MAXIMUM">5983</MDI>
      <MDI key="STATISTICS_MEAN">2671.88761643</MDI>
      <MDI key="STATISTICS_MINIMUM">-131</MDI>
      <MDI key="STATISTICS_SKIPFACTORX">1</MDI>
      <MDI key="STATISTICS_SKIPFACTORY">1</MDI>
      <MDI key="STATISTICS_STDDEV">608.39194922206</MDI>
    </Metadata>
  </PAMRasterBand>
  <PAMRasterBand band="75">
    <Metadata>
      <MDI key="STATISTICS_COVARIANCES">445673.151823734</MDI>
      <MDI key="STATISTICS_MAXIMUM">5983</MDI>
      <MDI key="STATISTICS_MEAN">2820.2361887311</MDI>
      <MDI key="STATISTICS_MINIMUM">-87</MDI>
      <MDI key="STATISTICS_SKIPFACTORX">1</MDI>
      <MDI key="STATISTICS_SKIPFACTORY">1</MDI>
      <MDI key="STATISTICS_STDDEV">667.58756116612</MDI>
    </Metadata>
  </PAMRasterBand>
  <PAMRasterBand band="76">
    <Metadata>
      <MDI key="STATISTICS_COVARIANCES">520323.3722161601</MDI>
      <MDI key="STATISTICS_MAXIMUM">5924</MDI>
      <MDI key="STATISTICS_MEAN">2926.7742250725</MDI>
      <MDI key="STATISTICS_MINIMUM">156</MDI>
      <MDI key="STATISTICS_SKIPFACTORX">1</MDI>
      <MDI key="STATISTICS_SKIPFACTORY">1</MDI>
      <MDI key="STATISTICS_STDDEV">721.33443853469</MDI>
    </Metadata>
  </PAMRasterBand>
  <PAMRasterBand band="77">
    <Metadata>
      <MDI key="STATISTICS_COVARIANCES">1333529.570333085</MDI>
      <MDI key="STATISTICS_MAXIMUM">9708</MDI>
      <MDI key="STATISTICS_MEAN">3355.3790196977</MDI>
      <MDI key="STATISTICS_MINIMUM">-3000</MDI>
      <MDI key="STATISTICS_SKIPFACTORX">1</MDI>
      <MDI key="STATISTICS_SKIPFACTORY">1</MDI>
      <MDI key="STATISTICS_STDDEV">1154.7855083664</MDI>
    </Metadata>
  </PAMRasterBand>
  <PAMRasterBand band="78">
    <Metadata>
      <MDI key="STATISTICS_COVARIANCES">1185237.994522</MDI>
      <MDI key="STATISTICS_MAXIMUM">7307</MDI>
      <MDI key="STATISTICS_MEAN">3857.4459612155</MDI>
      <MDI key="STATISTICS_MINIMUM">0</MDI>
      <MDI key="STATISTICS_SKIPFACTORX">1</MDI>
      <MDI key="STATISTICS_SKIPFACTORY">1</MDI>
      <MDI key="STATISTICS_STDDEV">1088.6863618701</MDI>
    </Metadata>
  </PAMRasterBand>
  <PAMRasterBand band="79">
    <Metadata>
      <MDI key="STATISTICS_COVARIANCES">1378399.767319602</MDI>
      <MDI key="STATISTICS_MAXIMUM">7763</MDI>
      <MDI key="STATISTICS_MEAN">4221.382104138</MDI>
      <MDI key="STATISTICS_MINIMUM">-11</MDI>
      <MDI key="STATISTICS_SKIPFACTORX">1</MDI>
      <MDI key="STATISTICS_SKIPFACTORY">1</MDI>
      <MDI key="STATISTICS_STDDEV">1174.0527106223</MDI>
    </Metadata>
  </PAMRasterBand>
  <PAMRasterBand band="80">
    <Metadata>
      <MDI key="STATISTICS_COVARIANCES">1366392.002862378</MDI>
      <MDI key="STATISTICS_MAXIMUM">7713</MDI>
      <MDI key="STATISTICS_MEAN">4266.5087799664</MDI>
      <MDI key="STATISTICS_MINIMUM">-9</MDI>
      <MDI key="STATISTICS_SKIPFACTORX">1</MDI>
      <MDI key="STATISTICS_SKIPFACTORY">1</MDI>
      <MDI key="STATISTICS_STDDEV">1168.927714986</MDI>
    </Metadata>
  </PAMRasterBand>
  <PAMRasterBand band="81">
    <Metadata>
      <MDI key="STATISTICS_COVARIANCES">1298577.050016107</MDI>
      <MDI key="STATISTICS_MAXIMUM">7889</MDI>
      <MDI key="STATISTICS_MEAN">3994.3198656283</MDI>
      <MDI key="STATISTICS_MINIMUM">-26</MDI>
      <MDI key="STATISTICS_SKIPFACTORX">1</MDI>
      <MDI key="STATISTICS_SKIPFACTORY">1</MDI>
      <MDI key="STATISTICS_STDDEV">1139.5512494031</MDI>
    </Metadata>
  </PAMRasterBand>
  <PAMRasterBand band="82">
    <Metadata>
      <MDI key="STATISTICS_COVARIANCES">1241461.159923126</MDI>
      <MDI key="STATISTICS_MAXIMUM">7789</MDI>
      <MDI key="STATISTICS_MEAN">3754.0772637044</MDI>
      <MDI key="STATISTICS_MINIMUM">-3000</MDI>
      <MDI key="STATISTICS_SKIPFACTORX">1</MDI>
      <MDI key="STATISTICS_SKIPFACTORY">1</MDI>
      <MDI key="STATISTICS_STDDEV">1114.2087595792</MDI>
    </Metadata>
  </PAMRasterBand>
  <PAMRasterBand band="83">
    <Metadata>
      <MDI key="STATISTICS_COVARIANCES">1100134.878318078</MDI>
      <MDI key="STATISTICS_MAXIMUM">7227</MDI>
      <MDI key="STATISTICS_MEAN">3556.2957092686</MDI>
      <MDI key="STATISTICS_MINIMUM">-406</MDI>
      <MDI key="STATISTICS_SKIPFACTORX">1</MDI>
      <MDI key="STATISTICS_SKIPFACTORY">1</MDI>
      <MDI key="STATISTICS_STDDEV">1048.8731469144</MDI>
    </Metadata>
  </PAMRasterBand>
  <PAMRasterBand band="84">
    <Metadata>
      <MDI key="STATISTICS_COVARIANCES">951133.6992873903</MDI>
      <MDI key="STATISTICS_MAXIMUM">7267</MDI>
      <MDI key="STATISTICS_MEAN">3275.7358069934</MDI>
      <MDI key="STATISTICS_MINIMUM">-472</MDI>
      <MDI key="STATISTICS_SKIPFACTORX">1</MDI>
      <MDI key="STATISTICS_SKIPFACTORY">1</MDI>
      <MDI key="STATISTICS_STDDEV">975.26083653933</MDI>
    </Metadata>
  </PAMRasterBand>
  <PAMRasterBand band="85">
    <Metadata>
      <MDI key="STATISTICS_COVARIANCES">889080.3599328069</MDI>
      <MDI key="STATISTICS_MAXIMUM">6588</MDI>
      <MDI key="STATISTICS_MEAN">3312.1248434876</MDI>
      <MDI key="STATISTICS_MINIMUM">-3000</MDI>
      <MDI key="STATISTICS_SKIPFACTORX">1</MDI>
      <MDI key="STATISTICS_SKIPFACTORY">1</MDI>
      <MDI key="STATISTICS_STDDEV">942.91057896961</MDI>
    </Metadata>
  </PAMRasterBand>
  <PAMRasterBand band="86">
    <Metadata>
      <MDI key="STATISTICS_COVARIANCES">796878.0934583216</MDI>
      <MDI key="STATISTICS_MAXIMUM">6344</MDI>
      <MDI key="STATISTICS_MEAN">3149.4668193617</MDI>
      <MDI key="STATISTICS_MINIMUM">-192</MDI>
      <MDI key="STATISTICS_SKIPFACTORX">1</MDI>
      <MDI key="STATISTICS_SKIPFACTORY">1</MDI>
      <MDI key="STATISTICS_STDDEV">892.68028624941</MDI>
    </Metadata>
  </PAMRasterBand>
  <PAMRasterBand band="87">
    <Metadata>
      <MDI key="STATISTICS_COVARIANCES">811407.8946081405</MDI>
      <MDI key="STATISTICS_MAXIMUM">6699</MDI>
      <MDI key="STATISTICS_MEAN">3158.9121087189</MDI>
      <MDI key="STATISTICS_MINIMUM">-141</MDI>
      <MDI key="STATISTICS_SKIPFACTORX">1</MDI>
      <MDI key="STATISTICS_SKIPFACTORY">1</MDI>
      <MDI key="STATISTICS_STDDEV">900.78182408846</MDI>
    </Metadata>
  </PAMRasterBand>
  <PAMRasterBand band="88">
    <Metadata>
      <MDI key="STATISTICS_COVARIANCES">805297.7740673304</MDI>
      <MDI key="STATISTICS_MAXIMUM">6291</MDI>
      <MDI key="STATISTICS_MEAN">3129.348236372</MDI>
      <MDI key="STATISTICS_MINIMUM">-3000</MDI>
      <MDI key="STATISTICS_SKIPFACTORX">1</MDI>
      <MDI key="STATISTICS_SKIPFACTORY">1</MDI>
      <MDI key="STATISTICS_STDDEV">897.38384990333</MDI>
    </Metadata>
  </PAMRasterBand>
  <PAMRasterBand band="89">
    <Metadata>
      <MDI key="STATISTICS_COVARIANCES">759674.649564777</MDI>
      <MDI key="STATISTICS_MAXIMUM">7006</MDI>
      <MDI key="STATISTICS_MEAN">2924.595541304</MDI>
      <MDI key="STATISTICS_MINIMUM">-74</MDI>
      <MDI key="STATISTICS_SKIPFACTORX">1</MDI>
      <MDI key="STATISTICS_SKIPFACTORY">1</MDI>
      <MDI key="STATISTICS_STDDEV">871.59316746104</MDI>
    </Metadata>
  </PAMRasterBand>
  <PAMRasterBand band="90">
    <Metadata>
      <MDI key="STATISTICS_COVARIANCES">775487.9447746518</MDI>
      <MDI key="STATISTICS_MAXIMUM">6524</MDI>
      <MDI key="STATISTICS_MEAN">2877.1727591999</MDI>
      <MDI key="STATISTICS_MINIMUM">-3000</MDI>
      <MDI key="STATISTICS_SKIPFACTORX">1</MDI>
      <MDI key="STATISTICS_SKIPFACTORY">1</MDI>
      <MDI key="STATISTICS_STDDEV">880.61793348458</MDI>
    </Metadata>
  </PAMRasterBand>
  <PAMRasterBand band="91">
    <Metadata>
      <MDI key="STATISTICS_COVARIANCES">830599.4625516313</MDI>
      <MDI key="STATISTICS_MAXIMUM">7173</MDI>
      <MDI key="STATISTICS_MEAN">2721.939410597</MDI>
      <MDI key="STATISTICS_MINIMUM">-3000</MDI>
      <MDI key="STATISTICS_SKIPFACTORX">1</MDI>
      <MDI key="STATISTICS_SKIPFACTORY">1</MDI>
      <MDI key="STATISTICS_STDDEV">911.37229634855</MDI>
    </Metadata>
  </PAMRasterBand>
  <PAMRasterBand band="92">
    <Metadata>
      <MDI key="STATISTICS_COVARIANCES">1042975.001268262</MDI>
      <MDI key="STATISTICS_MAXIMUM">8535</MDI>
      <MDI key="STATISTICS_MEAN">2585.8691708658</MDI>
      <MDI key="STATISTICS_MINIMUM">-3000</MDI>
      <MDI key="STATISTICS_SKIPFACTORX">1</MDI>
      <MDI key="STATISTICS_SKIPFACTORY">1</MDI>
      <MDI key="STATISTICS_STDDEV">1021.2614754647</MDI>
    </Metadata>
  </PAMRasterBand>
  <PAMRasterBand band="93">
    <Metadata>
      <MDI key="STATISTICS_COVARIANCES">732296.6380504026</MDI>
      <MDI key="STATISTICS_MAXIMUM">6593</MDI>
      <MDI key="STATISTICS_MEAN">3078.8488929608</MDI>
      <MDI key="STATISTICS_MINIMUM">-3000</MDI>
      <MDI key="STATISTICS_SKIPFACTORX">1</MDI>
      <MDI key="STATISTICS_SKIPFACTORY">1</MDI>
      <MDI key="STATISTICS_STDDEV">855.74332486465</MDI>
    </Metadata>
  </PAMRasterBand>
  <PAMRasterBand band="94">
    <Metadata>
      <MDI key="STATISTICS_COVARIANCES">569446.6232331456</MDI>
      <MDI key="STATISTICS_MAXIMUM">5631</MDI>
      <MDI key="STATISTICS_MEAN">2723.8419606047</MDI>
      <MDI key="STATISTICS_MINIMUM">-3000</MDI>
      <MDI key="STATISTICS_SKIPFACTORX">1</MDI>
      <MDI key="STATISTICS_SKIPFACTORY">1</MDI>
      <MDI key="STATISTICS_STDDEV">754.6168718185</MDI>
    </Metadata>
  </PAMRasterBand>
  <PAMRasterBand band="95">
    <Metadata>
      <MDI key="STATISTICS_COVARIANCES">597158.002002443</MDI>
      <MDI key="STATISTICS_MAXIMUM">6096</MDI>
      <MDI key="STATISTICS_MEAN">2514.8800122156</MDI>
      <MDI key="STATISTICS_MINIMUM">-117</MDI>
      <MDI key="STATISTICS_SKIPFACTORX">1</MDI>
      <MDI key="STATISTICS_SKIPFACTORY">1</MDI>
      <MDI key="STATISTICS_STDDEV">772.75998990789</MDI>
    </Metadata>
  </PAMRasterBand>
  <PAMRasterBand band="96">
    <Metadata>
      <MDI key="STATISTICS_COVARIANCES">966881.4366727474</MDI>
      <MDI key="STATISTICS_MAXIMUM">6840</MDI>
      <MDI key="STATISTICS_MEAN">2405.8849289968</MDI>
      <MDI key="STATISTICS_MINIMUM">-3000</MDI>
      <MDI key="STATISTICS_SKIPFACTORX">1</MDI>
      <MDI key="STATISTICS_SKIPFACTORY">1</MDI>
      <MDI key="STATISTICS_STDDEV">983.30129496139</MDI>
    </Metadata>
  </PAMRasterBand>
  <PAMRasterBand band="97">
    <Metadata>
      <MDI key="STATISTICS_COVARIANCES">466155.9903057228</MDI>
      <MDI key="STATISTICS_MAXIMUM">5965</MDI>
      <MDI key="STATISTICS_MEAN">2664.5311039853</MDI>
      <MDI key="STATISTICS_MINIMUM">-100</MDI>
      <MDI key="STATISTICS_SKIPFACTORX">1</MDI>
      <MDI key="STATISTICS_SKIPFACTORY">1</MDI>
      <MDI key="STATISTICS_STDDEV">682.75617192796</MDI>
    </Metadata>
  </PAMRasterBand>
  <PAMRasterBand band="98">
    <Metadata>
      <MDI key="STATISTICS_COVARIANCES">518426.8632478898</MDI>
      <MDI key="STATISTICS_MAXIMUM">6098</MDI>
      <MDI key="STATISTICS_MEAN">2746.4863948694</MDI>
      <MDI key="STATISTICS_MINIMUM">-3000</MDI>
      <MDI key="STATISTICS_SKIPFACTORX">1</MDI>
      <MDI key="STATISTICS_SKIPFACTORY">1</MDI>
      <MDI key="STATISTICS_STDDEV">720.01865479159</MDI>
    </Metadata>
  </PAMRasterBand>
  <PAMRasterBand band="99">
    <Metadata>
      <MDI key="STATISTICS_COVARIANCES">546588.6152856773</MDI>
      <MDI key="STATISTICS_MAXIMUM">5897</MDI>
      <MDI key="STATISTICS_MEAN">2784.7983814323</MDI>
      <MDI key="STATISTICS_MINIMUM">-3000</MDI>
      <MDI key="STATISTICS_SKIPFACTORX">1</MDI>
      <MDI key="STATISTICS_SKIPFACTORY">1</MDI>
      <MDI key="STATISTICS_STDDEV">739.316316123</MDI>
    </Metadata>
  </PAMRasterBand>
  <PAMRasterBand band="100">
    <Metadata>
      <MDI key="STATISTICS_COVARIANCES">819513.8853253928</MDI>
      <MDI key="STATISTICS_MAXIMUM">6660</MDI>
      <MDI key="STATISTICS_MEAN">3262.6168575355</MDI>
      <MDI key="STATISTICS_MINIMUM">-17</MDI>
      <MDI key="STATISTICS_SKIPFACTORX">1</MDI>
      <MDI key="STATISTICS_SKIPFACTORY">1</MDI>
      <MDI key="STATISTICS_STDDEV">905.27006209495</MDI>
    </Metadata>
  </PAMRasterBand>
  <PAMRasterBand band="101">
    <Metadata>
      <MDI key="STATISTICS_COVARIANCES">857246.4227733729</MDI>
      <MDI key="STATISTICS_MAXIMUM">7021</MDI>
      <MDI key="STATISTICS_MEAN">3527.7923652466</MDI>
      <MDI key="STATISTICS_MINIMUM">-3000</MDI>
      <MDI key="STATISTICS_SKIPFACTORX">1</MDI>
      <MDI key="STATISTICS_SKIPFACTORY">1</MDI>
      <MDI key="STATISTICS_STDDEV">925.87602991619</MDI>
    </Metadata>
  </PAMRasterBand>
  <PAMRasterBand band="102">
    <Metadata>
      <MDI key="STATISTICS_COVARIANCES">1293705.772814212</MDI>
      <MDI key="STATISTICS_MAXIMUM">7736</MDI>
      <MDI key="STATISTICS_MEAN">4184.444953428</MDI>
      <MDI key="STATISTICS_MINIMUM">5</MDI>
      <MDI key="STATISTICS_SKIPFACTORX">1</MDI>
      <MDI key="STATISTICS_SKIPFACTORY">1</MDI>
      <MDI key="STATISTICS_STDDEV">1137.4118747464</MDI>
    </Metadata>
  </PAMRasterBand>
  <PAMRasterBand band="103">
    <Metadata>
      <MDI key="STATISTICS_COVARIANCES">1347607.94311204</MDI>
      <MDI key="STATISTICS_MAXIMUM">7450</MDI>
      <MDI key="STATISTICS_MEAN">4431.051763628</MDI>
      <MDI key="STATISTICS_MINIMUM">-87</MDI>
      <MDI key="STATISTICS_SKIPFACTORX">1</MDI>
      <MDI key="STATISTICS_SKIPFACTORY">1</MDI>
      <MDI key="STATISTICS_STDDEV">1160.8651700831</MDI>
    </Metadata>
  </PAMRasterBand>
  <PAMRasterBand band="104">
    <Metadata>
      <MDI key="STATISTICS_COVARIANCES">1254794.095762356</MDI>
      <MDI key="STATISTICS_MAXIMUM">7885</MDI>
      <MDI key="STATISTICS_MEAN">4384.1222476714</MDI>
      <MDI key="STATISTICS_MINIMUM">-143</MDI>
      <MDI key="STATISTICS_SKIPFACTORX">1</MDI>
      <MDI key="STATISTICS_SKIPFACTORY">1</MDI>
      <MDI key="STATISTICS_STDDEV">1120.1759217919</MDI>
    </Metadata>
  </PAMRasterBand>
  <PAMRasterBand band="105">
    <Metadata>
      <MDI key="STATISTICS_COVARIANCES">1173137.432726158</MDI>
      <MDI key="STATISTICS_MAXIMUM">7387</MDI>
      <MDI key="STATISTICS_MEAN">4272.7340051916</MDI>
      <MDI key="STATISTICS_MINIMUM">-34</MDI>
      <MDI key="STATISTICS_SKIPFACTORX">1</MDI>
      <MDI key="STATISTICS_SKIPFACTORY">1</MDI>
      <MDI key="STATISTICS_STDDEV">1083.1146904766</MDI>
    </Metadata>
  </PAMRasterBand>
  <PAMRasterBand band="106">
    <Metadata>
      <MDI key="STATISTICS_COVARIANCES">994038.5883529425</MDI>
      <MDI key="STATISTICS_MAXIMUM">7472</MDI>
      <MDI key="STATISTICS_MEAN">3833.316781188</MDI>
      <MDI key="STATISTICS_MINIMUM">-33</MDI>
      <MDI key="STATISTICS_SKIPFACTORX">1</MDI>
      <MDI key="STATISTICS_SKIPFACTORY">1</MDI>
      <MDI key="STATISTICS_STDDEV">997.01483858213</MDI>
    </Metadata>
  </PAMRasterBand>
  <PAMRasterBand band="107">
    <Metadata>
      <MDI key="STATISTICS_COVARIANCES">1001439.328961887</MDI>
      <MDI key="STATISTICS_MAXIMUM">6945</MDI>
      <MDI key="STATISTICS_MEAN">3450.3200183234</MDI>
      <MDI key="STATISTICS_MINIMUM">-55</MDI>
      <MDI key="STATISTICS_SKIPFACTORX">1</MDI>
      <MDI key="STATISTICS_SKIPFACTORY">1</MDI>
      <MDI key="STATISTICS_STDDEV">1000.7194057087</MDI>
    </Metadata>
  </PAMRasterBand>
  <PAMRasterBand band="108">
    <Metadata>
      <MDI key="STATISTICS_COVARIANCES">952516.4786000797</MDI>
      <MDI key="STATISTICS_MAXIMUM">6449</MDI>
      <MDI key="STATISTICS_MEAN">3333.1636280348</MDI>
      <MDI key="STATISTICS_MINIMUM">-182</MDI>
      <MDI key="STATISTICS_SKIPFACTORX">1</MDI>
      <MDI key="STATISTICS_SKIPFACTORY">1</MDI>
      <MDI key="STATISTICS_STDDEV">975.96950700321</MDI>
    </Metadata>
  </PAMRasterBand>
  <PAMRasterBand band="109">
    <Metadata>
      <MDI key="STATISTICS_COVARIANCES">991296.5054441983</MDI>
      <MDI key="STATISTICS_MAXIMUM">6488</MDI>
      <MDI key="STATISTICS_MEAN">3336.6555199267</MDI>
      <MDI key="STATISTICS_MINIMUM">-83</MDI>
      <MDI key="STATISTICS_SKIPFACTORX">1</MDI>
      <MDI key="STATISTICS_SKIPFACTORY">1</MDI>
      <MDI key="STATISTICS_STDDEV">995.63874243834</MDI>
    </Metadata>
  </PAMRasterBand>
  <PAMRasterBand band="110">
    <Metadata>
      <MDI key="STATISTICS_COVARIANCES">827321.310805816</MDI>
      <MDI key="STATISTICS_MAXIMUM">6157</MDI>
      <MDI key="STATISTICS_MEAN">3100.7489387693</MDI>
      <MDI key="STATISTICS_MINIMUM">-85</MDI>
      <MDI key="STATISTICS_SKIPFACTORX">1</MDI>
      <MDI key="STATISTICS_SKIPFACTORY">1</MDI>
      <MDI key="STATISTICS_STDDEV">909.57204816651</MDI>
    </Metadata>
  </PAMRasterBand>
  <PAMRasterBand band="111">
    <Metadata>
      <MDI key="STATISTICS_COVARIANCES">794355.5807841563</MDI>
      <MDI key="STATISTICS_MAXIMUM">6714</MDI>
      <MDI key="STATISTICS_MEAN">2901.1477477477</MDI>
      <MDI key="STATISTICS_MINIMUM">-165</MDI>
      <MDI key="STATISTICS_SKIPFACTORX">1</MDI>
      <MDI key="STATISTICS_SKIPFACTORY">1</MDI>
      <MDI key="STATISTICS_STDDEV">891.26627939363</MDI>
    </Metadata>
  </PAMRasterBand>
  <PAMRasterBand band="112">
    <Metadata>
      <MDI key="STATISTICS_COVARIANCES">876234.0658267888</MDI>
      <MDI key="STATISTICS_MAXIMUM">6965</MDI>
      <MDI key="STATISTICS_MEAN">3059.7387692778</MDI>
      <MDI key="STATISTICS_MINIMUM">-171</MDI>
      <MDI key="STATISTICS_SKIPFACTORX">1</MDI>
      <MDI key="STATISTICS_SKIPFACTORY">1</MDI>
      <MDI key="STATISTICS_STDDEV">936.0737502071</MDI>
    </Metadata>
  </PAMRasterBand>
  <PAMRasterBand band="113">
    <Metadata>
      <MDI key="STATISTICS_COVARIANCES">946508.0424170104</MDI>
      <MDI key="STATISTICS_MAXIMUM">8160</MDI>
      <MDI key="STATISTICS_MEAN">3099.2850206138</MDI>
      <MDI key="STATISTICS_MINIMUM">-3000</MDI>
      <MDI key="STATISTICS_SKIPFACTORX">1</MDI>
      <MDI key="STATISTICS_SKIPFACTORY">1</MDI>
      <MDI key="STATISTICS_STDDEV">972.88644888137</MDI>
    </Metadata>
  </PAMRasterBand>
  <PAMRasterBand band="114">
    <Metadata>
      <MDI key="STATISTICS_COVARIANCES">768308.6374741617</MDI>
      <MDI key="STATISTICS_MAXIMUM">6859</MDI>
      <MDI key="STATISTICS_MEAN">2624.0609253321</MDI>
      <MDI key="STATISTICS_MINIMUM">-3000</MDI>
      <MDI key="STATISTICS_SKIPFACTORX">1</MDI>
      <MDI key="STATISTICS_SKIPFACTORY">1</MDI>
      <MDI key="STATISTICS_STDDEV">876.53216568142</MDI>
    </Metadata>
  </PAMRasterBand>
  <PAMRasterBand band="115">
    <Metadata>
      <MDI key="STATISTICS_COVARIANCES">801190.9631004613</MDI>
      <MDI key="STATISTICS_MAXIMUM">7148</MDI>
      <MDI key="STATISTICS_MEAN">2582.683157734</MDI>
      <MDI key="STATISTICS_MINIMUM">-3000</MDI>
      <MDI key="STATISTICS_SKIPFACTORX">1</MDI>
      <MDI key="STATISTICS_SKIPFACTORY">1</MDI>
      <MDI key="STATISTICS_STDDEV">895.09271201394</MDI>
    </Metadata>
  </PAMRasterBand>
</PAMDataset>
